{"admission_count": {"order": [0, 1, 0], "seasonal_order": [1, 0, 0, 12], "IS_MEA": 199.94, "adjusted y": [4825.0, 4774.0, 4783.0, 4672.0, 4619.0, 4379.0, 4152.0, 4414.0, 4673.0, 4624.0, 4741.0, 4781.0, 4784.0, 4504.0, 4451.0, 4352.0, 4354.0, 4239.0, 3917.0, 3514.0, 4050.0, 3594.0, 3700.0, 3816.0, 3518.0, 3614.0, 3571.0, 3291.0, 3348.0, 3426.0, 3093.0, 2797.0, 3426.0, 3346.0, 3078.0, 3044.0, 2997.0, 2830.0, 2911.0, 2637.0, 2837.0, 2447.0, 2131.0, 1577.0, 1915.0, 1900.0, 970.0, 786.0, 1048.0, 797.0, 983.0, 1258.0, 1532.0, 1495.0, 1320.0, 1157.0, 1308.0, 1389.0, 1426.0, 1215.0, 1389.0, 1558.0, 1468.0, 1470.0, 1352.0, 1295.0, 1193.0, 1272.0, 1330.0, 1506.0, 1559.0, 1566.0, 1689.0, 1689.0, 1669.0, 1709.0, 1806.0, 1750.0, 1722.0, 1593.0, 1623.0, 1855.0, 1720.0, 1812.0, 1989.0, 1867.0, 2002.0, 1871.0, 1784.0, 1804.0, 1800.0, 1712.0, 1677.0, 1921.0, 1961.0, 1962.0, 1982.0, 2007.902979005576], "prediction": [2009.34800319553, 1983.5944180511474, 1987.5178291631867, 1982.8817480600235, 1991.4774110624694, 1951.3923336869289, 1949.5778731776202, 1999.3638196543832, 2001.1446370731417, 2003.2714790884588, 2012.1159182692415, 2024.131318891232]}, "discharge_count": {"order": [0, 1, 0], "seasonal_order": [0, 0, 0, 12], "IS_MEA": 234.4}, "Avg LOS Days": {"order": [0, 1, 1], "seasonal_order": [0, 0, 0, 12], "IS_MEA": 7.33}, "total_felony_crimes": {"order": [0, 1, 0], "seasonal_order": [2, 0, 0, 12], "IS_MEA": 597.49, "prediction": [14195.687207369225, 14072.291040373431, 14054.69784430168, 13833.757026617506, 13857.110389839909, 13471.827791571071, 13447.539086113897, 13572.7878359189, 13445.169572723518, 13589.64361993761, 13675.225903861157, 13787.096060556329], "adjusted y": [12730.0, 13042.0, 13173.0, 12678.0, 12661.0, 12349.0, 12023.0, 11555.0, 11123.0, 10734.0, 11070.0, 11678.0, 11996.0, 12514.0, 12338.0, 12146.0, 12551.0, 11966.0, 11567.0, 10546.0, 11229.0, 10730.0, 10848.0, 11584.0, 12280.0, 12172.0, 12475.0, 12178.0, 11922.0, 11574.0, 11494.0, 11131.0, 10311.0, 10275.0, 10848.0, 10980.0, 12225.0, 12759.0, 12775.0, 12545.0, 12662.0, 12199.0, 11655.0, 11295.0, 11879.0, 11557.0, 8883.0, 8421.0, 10717.0, 10432.0, 11251.0, 12358.0, 12463.0, 12074.0, 12058.0, 10861.0, 10202.0, 10036.0, 10454.0, 10549.0, 11685.0, 12278.0, 12641.0, 12514.0, 13486.0, 14044.0, 14937.0, 14468.0, 13214.0, 13283.0, 13607.0, 13877.0, 14634.0, 15584.0, 15924.0, 15161.0, 15553.0, 15019.0, 15079.0, 14124.0, 14279.0, 14032.0, 14111.0, 14831.0, 15172.0, 15641.0, 16137.0, 16088.0, 15631.0, 14828.0, 14908.0, 13611.0, 13355.0, 14236.0, 13481.0, 13653.851756914442, 13834.548051669775, 14061.057239027077]}, "murder_homicide_count": {"order": [0, 1, 1], "seasonal_order": [2, 0, 0, 12], "IS_MEA": 7.16, "adjusted y": [33.0, 40.0, 34.0, 34.0, 30.0, 19.0, 30.0, 24.0, 19.0, 17.0, 19.0, 21.0, 24.0, 41.0, 20.0, 17.0, 29.0, 33.0, 26.0, 20.0, 15.0, 25.0, 23.0, 36.0, 32.0, 33.0, 21.0, 34.0, 28.0, 22.0, 17.0, 24.0, 30.0, 10.0, 23.0, 17.0, 21.0, 38.0, 29.0, 36.0, 38.0, 26.0, 21.0, 15.0, 29.0, 22.0, 22.0, 30.0, 51.0, 50.0, 42.0, 64.0, 54.0, 45.0, 25.0, 35.0, 31.0, 27.0, 37.0, 43.0, 43.0, 39.0, 37.0, 55.0, 52.0, 39.0, 29.0, 49.0, 28.0, 36.0, 32.0, 31.0, 49.0, 34.0, 54.0, 26.0, 50.0, 28.0, 33.0, 32.0, 40.0, 31.0, 29.0, 38.0, 35.0, 34.0, 34.0, 29.0, 36.0, 27.0, 24.0, 37.0, 16.0, 26.0, 23.0, 25.079101817573815, 28.160401293434678, 25.289258194952488], "prediction": [28.808693096057183, 22.863700667735962, 28.448139687411224, 23.08237282800404, 23.727415206809162, 25.197372445425287, 23.48566830320117, 23.61164181193027, 22.725251805048817, 24.86232727891344, 24.744500230539256, 24.127516930326564]}, "robbery_count": {"order": [2, 0, 0], "seasonal_order": [0, 0, 0, 12], "IS_MEA": 80.03, "adjusted y": [1272.0, 1342.0, 1379.0, 1326.0, 1309.0, 1288.0, 1313.0, 1249.0, 1120.0, 927.0, 1052.0, 1106.0, 1192.0, 1215.0, 1221.0, 1139.0, 1199.0, 1226.0, 1240.0, 1077.0, 1085.0, 899.0, 926.0, 1021.0, 1201.0, 1085.0, 1079.0, 1092.0, 1218.0, 1079.0, 1033.0, 1018.0, 914.0, 865.0, 926.0, 916.0, 1137.0, 1197.0, 1107.0, 1250.0, 1361.0, 1299.0, 1176.0, 1220.0, 1268.0, 1184.0, 806.0, 712.0, 840.0, 1031.0, 1145.0, 1238.0, 1198.0, 1215.0, 1133.0, 1134.0, 859.0, 894.0, 813.0, 932.0, 1162.0, 1145.0, 1241.0, 1124.0, 1298.0, 1413.0, 1433.0, 1338.0, 1275.0, 1361.0, 1224.0, 1274.0, 1409.0, 1588.0, 1706.0, 1606.0, 1537.0, 1439.0, 1542.0, 1289.0, 1289.0, 1277.0, 1200.0, 1243.0, 1303.0, 1383.0, 1501.0, 1528.0, 1499.0, 1439.0, 1465.0, 1433.0, 1431.0, 1298.0, 1232.0, 1221.8511193911038, 1218.4536293628955, 1215.8995502382036], "prediction": [1213.4554451393317, 1211.029895910207, 1208.6114916079264, 1206.1987971479343, 1203.7916214206546, 1201.389928469036, 1198.9937017163272, 1196.6029270356628, 1194.2175906387913, 1191.8376788127184, 1189.4631778867613, 1187.0940742283483]}, "assault_count": {"order": [1, 0, 0], "seasonal_order": [1, 0, 0, 12], "IS_MEA": 111.08, "adjusted y": [1865.0, 2070.0, 1997.0, 1875.0, 1625.0, 1654.0, 1507.0, 1585.0, 1540.0, 1513.0, 1524.0, 1751.0, 1827.0, 1950.0, 1738.0, 1749.0, 1777.0, 1556.0, 1457.0, 1435.0, 1545.0, 1501.0, 1590.0, 1757.0, 1957.0, 1773.0, 1881.0, 1818.0, 1702.0, 1562.0, 1516.0, 1614.0, 1353.0, 1454.0, 1696.0, 1687.0, 1954.0, 2035.0, 1975.0, 1833.0, 1768.0, 1683.0, 1671.0, 1522.0, 1602.0, 1591.0, 1437.0, 1281.0, 1701.0, 2123.0, 1987.0, 1954.0, 1795.0, 1809.0, 1678.0, 1580.0, 1424.0, 1480.0, 1655.0, 1760.0, 1963.0, 2126.0, 2133.0, 2022.0, 2212.0, 2151.0, 2015.0, 1804.0, 1778.0, 1867.0, 1980.0, 2085.0, 2287.0, 2525.0, 2595.0, 2307.0, 2301.0, 2037.0, 2140.0, 1982.0, 2032.0, 2002.0, 2087.0, 2297.0, 2275.0, 2525.0, 2642.0, 2552.0, 2351.0, 2246.0, 2263.0, 1992.0, 2053.0, 2042.0, 2116.0, 2177.8309215190716, 2170.133117499066, 2239.29479350502], "prediction": [2269.266328425235, 2243.957407662239, 2186.935103903193, 2155.2438483268015, 2158.9573781960435, 2074.939719758884, 2092.9803695350533, 2088.303736009671, 2109.9734247216556, 2127.431200451007, 2123.870199156031, 2143.131490455266]}, "burglary_count": {"order": [0, 1, 1], "seasonal_order": [0, 0, 0, 12], "IS_MEA": 78.65, "adjusted y": [1094.0, 1095.0, 1123.0, 1063.0, 1120.0, 1100.0, 1117.0, 1033.0, 993.0, 874.0, 926.0, 937.0, 963.0, 1000.0, 1010.0, 1011.0, 1105.0, 1066.0, 1057.0, 938.0, 944.0, 881.0, 897.0, 927.0, 937.0, 979.0, 1069.0, 1048.0, 1053.0, 938.0, 968.0, 946.0, 850.0, 758.0, 767.0, 812.0, 831.0, 936.0, 965.0, 1008.0, 955.0, 936.0, 947.0, 1030.0, 1142.0, 1036.0, 1076.0, 1178.0, 1877.0, 1118.0, 1262.0, 1330.0, 1382.0, 1332.0, 1393.0, 1318.0, 1015.0, 925.0, 887.0, 866.0, 946.0, 964.0, 1039.0, 996.0, 1152.0, 1265.0, 1312.0, 1313.0, 1190.0, 1284.0, 1283.0, 1286.0, 1234.0, 1307.0, 1323.0, 1336.0, 1435.0, 1415.0, 1259.0, 1308.0, 1231.0, 1182.0, 1153.0, 1129.0, 1137.0, 1038.0, 1114.0, 1175.0, 1103.0, 1072.0, 1088.0, 1031.0, 1003.0, 1022.0, 1022.0, 1021.4639804079299, 1021.4639804079299, 1021.4639804079299], "prediction": [1021.4639804079299, 1021.4639804079299, 1021.4639804079299, 1021.4639804079299, 1021.4639804079299, 1021.4639804079299, 1021.4639804079299, 1021.4639804079299, 1021.4639804079299, 1021.4639804079299, 1021.4639804079299, 1021.4639804079299]}, "rape_count": {"order": [2, 0, 0], "seasonal_order": [0, 0, 2, 12], "IS_MEA": 12.57, "adjusted y": [154.0, 150.0, 137.0, 114.0, 122.0, 103.0, 105.0, 123.0, 94.0, 88.0, 118.0, 120.0, 130.0, 158.0, 119.0, 150.0, 127.0, 128.0, 120.0, 115.0, 100.0, 137.0, 112.0, 168.0, 137.0, 148.0, 123.0, 156.0, 122.0, 123.0, 129.0, 135.0, 121.0, 119.0, 135.0, 138.0, 133.0, 161.0, 137.0, 154.0, 139.0, 121.0, 119.0, 103.0, 100.0, 122.0, 78.0, 74.0, 103.0, 114.0, 99.0, 124.0, 122.0, 113.0, 95.0, 116.0, 74.0, 90.0, 105.0, 86.0, 102.0, 112.0, 140.0, 113.0, 112.0, 99.0, 111.0, 92.0, 118.0, 111.0, 94.0, 93.0, 114.0, 139.0, 133.0, 117.0, 123.0, 114.0, 87.0, 94.0, 105.0, 105.0, 87.0, 94.0, 89.0, 84.0, 108.0, 95.0, 82.0, 81.0, 74.0, 83.0, 83.0, 84.0, 83.0, 84.2377170278204, 85.78763409877682, 89.98981121479385],