{"admission_count": {"order": [1, 1, 0], "seasonal_order": [1, 0, 0, 12], "IS_MEA": 218.28, "adjusted y": [4800.0, 4857.0, 4798.0, 4687.0, 4590.0, 4669.0, 4124.0, 4008.0, 4869.0, 4469.0, 4842.0, 4815.0, 4740.0, 4430.0, 4659.0, 4331.0, 4333.0, 4229.0, 4084.0, 3394.0, 4112.0, 3618.0, 3735.0, 3813.0, 3544.0, 3579.0, 3623.0, 3305.0, 3311.0, 3463.0, 3132.0, 2712.0, 3483.0, 3367.0, 3069.0, 3096.0, 3025.0, 2777.0, 3035.0, 2589.0, 2881.0, 2519.0, 2210.0, 1579.0, 1949.0, 1887.0, 1318.0, 647.0, 1092.0, 819.0, 934.0, 1162.0, 1530.0, 1532.0, 1312.0, 1199.0, 1298.0, 1321.0, 1474.0, 1211.0, 1384.0, 1527.0, 1449.0, 1487.0, 1415.0, 1298.0, 1246.0, 1302.0, 1163.0, 1528.0, 1547.0, 1553.0, 1664.0, 1655.0, 1689.0, 1712.0, 1802.0, 1751.0, 1790.0, 1607.0, 1513.0, 1840.0, 1770.0, 1708.0, 2015.0, 1901.0, 1938.0, 1888.0, 1801.0, 1860.0, 1805.0, 1740.0, 1639.0, 1873.0, 1938.0, 1954.0, 2031.0, 1909.0, 1964.536824523103], "prediction": [1931.584573979527, 1907.803435178947, 1927.545811850339, 1889.3196843088044, 1888.7543307346928, 1849.0013294684459, 1854.1287159686067, 1909.7762014290286, 1923.6363101944812, 1978.7929656640067, 1947.0646631765649, 1986.7994696905926]}, "discharge_count": {"order": [0, 1, 1], "seasonal_order": [0, 0, 0, 12], "IS_MEA": 236.87}, "Avg LOS Days": {"order": [1, 1, 0], "seasonal_order": [1, 0, 0, 12], "IS_MEA": 8.2}, "total_felony_crimes": {"order": [0, 1, 0], "seasonal_order": [1, 0, 1, 12], "IS_MEA": 606.17, "prediction": [14563.315902481272, 14604.118180109974, 14510.84211983544, 14338.542730664556, 14020.923702380522, 13773.298566559524, 13624.614291566111, 13599.876194451954, 13606.29691141551, 14384.623699777198, 14742.650869109302, 14966.722092815111], "adjusted y": [12579.0, 12975.0, 13162.0, 12928.0, 12592.0, 12645.0, 11968.0, 11505.0, 11263.0, 10715.0, 11165.0, 11386.0, 12000.0, 12317.0, 12542.0, 12150.0, 12433.0, 12205.0, 11525.0, 10711.0, 11274.0, 10742.0, 10735.0, 11533.0, 11987.0, 12296.0, 12444.0, 12312.0, 11970.0, 11734.0, 11236.0, 11361.0, 10490.0, 10149.0, 10774.0, 11007.0, 11961.0, 12599.0, 12806.0, 12563.0, 12742.0, 12252.0, 11713.0, 11369.0, 11741.0, 11598.0, 9832.0, 8083.0, 9783.0, 10848.0, 11087.0, 12213.0, 12465.0, 12369.0, 11788.0, 11143.0, 10776.0, 9615.0, 10573.0, 10341.0, 11670.0, 11994.0, 12584.0, 12585.0, 13068.0, 14161.0, 14658.0, 15062.0, 13135.0, 13100.0, 13681.0, 13773.0, 14357.0, 15324.0, 16009.0, 15205.0, 15448.0, 15123.0, 15430.0, 14237.0, 14128.0, 14049.0, 13977.0, 14686.0, 15084.0, 15557.0, 16078.0, 16110.0, 15856.0, 14923.0, 14909.0, 13869.0, 13361.0, 14308.0, 13246.0, 13252.429664521045, 14031.841086222761, 14390.367182496993, 14614.750659517742]}, "murder_homicide_count": {"order": [0, 1, 1], "seasonal_order": [2, 0, 0, 12], "IS_MEA": 7.11, "adjusted y": [33.0, 35.0, 44.0, 29.0, 35.0, 15.0, 31.0, 23.0, 22.0, 15.0, 22.0, 15.0, 22.0, 43.0, 22.0, 19.0, 27.0, 37.0, 19.0, 23.0, 19.0, 22.0, 20.0, 36.0, 31.0, 33.0, 27.0, 32.0, 30.0, 18.0, 16.0, 27.0, 29.0, 15.0, 17.0, 22.0, 17.0, 32.0, 34.0, 38.0, 33.0, 28.0, 23.0, 19.0, 24.0, 24.0, 20.0, 34.0, 36.0, 47.0, 55.0, 53.0, 64.0, 43.0, 33.0, 29.0, 35.0, 27.0, 37.0, 38.0, 43.0, 44.0, 34.0, 49.0, 53.0, 45.0, 28.0, 47.0, 33.0, 34.0, 31.0, 33.0, 43.0, 36.0, 50.0, 35.0, 41.0, 36.0, 28.0, 36.0, 33.0, 40.0, 24.0, 41.0, 30.0, 33.0, 41.0, 30.0, 33.0, 30.0, 19.0, 46.0, 15.0, 25.0, 15.0, 24.458448655359597, 24.80531895968779, 23.551124246620887, 29.072151332439866], "prediction": [22.634164758708838, 24.908095622232732, 22.905559033831207, 18.367332385956757, 26.348573502042832, 18.863550144515692, 22.915194113004542, 16.42100166841437, 23.070052818447138, 20.159358259375765, 20.70365292580263, 24.06286813527302]}, "robbery_count": {"order": [1, 0, 1], "seasonal_order": [1, 0, 0, 12], "IS_MEA": 79.93, "adjusted y": [1243.0, 1305.0, 1378.0, 1349.0, 1331.0, 1314.0, 1306.0, 1237.0, 1145.0, 939.0, 1069.0, 1054.0, 1236.0, 1149.0, 1235.0, 1155.0, 1206.0, 1221.0, 1230.0, 1114.0, 1103.0, 936.0, 919.0, 974.0, 1188.0, 1105.0, 1077.0, 1069.0, 1230.0, 1117.0, 1032.0, 1018.0, 904.0, 895.0, 922.0, 894.0, 1097.0, 1198.0, 1119.0, 1198.0, 1387.0, 1309.0, 1157.0, 1211.0, 1260.0, 1236.0, 910.0, 699.0, 790.0, 981.0, 1113.0, 1239.0, 1200.0, 1230.0, 1145.0, 1139.0, 945.0, 872.0, 829.0, 883.0, 1176.0, 1079.0, 1246.0, 1136.0, 1222.0, 1418.0, 1485.0, 1354.0, 1253.0, 1297.0, 1294.0, 1277.0, 1345.0, 1545.0, 1719.0, 1621.0, 1531.0, 1489.0, 1540.0, 1330.0, 1302.0, 1202.0, 1223.0, 1294.0, 1269.0, 1344.0, 1464.0, 1543.0, 1529.0, 1421.0, 1469.0, 1395.0, 1514.0, 1326.0, 1221.0, 1228.8595082428674, 1213.1806047939108, 1229.7445330811886, 1260.8565298423848], "prediction": [1278.8488062364277, 1266.9917437373992, 1224.962976094136, 1233.1895306670674, 1202.2351876357036, 1233.4381824618333, 1165.942530409938, 1125.214781885682, 1120.8604409571487, 1108.998222754553, 1107.5729426861794, 1110.8914038144658]}, "assault_count": {"order": [1, 0, 0], "seasonal_order": [1, 0, 0, 12], "IS_MEA": 105.46, "adjusted y": [1868.0, 2034.0, 2040.0, 1914.0, 1658.0, 1692.0, 1535.0, 1533.0, 1550.0, 1482.0, 1583.0, 1617.0, 1851.0, 1961.0, 1770.0, 1763.0, 1756.0, 1663.0, 1425.0, 1420.0, 1560.0, 1467.0, 1570.0, 1751.0, 1874.0, 1846.0, 1890.0, 1815.0, 1724.0, 1609.0, 1497.0, 1630.0, 1383.0, 1376.0, 1676.0, 1715.0, 1907.0, 2034.0, 1933.0, 1896.0, 1792.0, 1690.0, 1686.0, 1549.0, 1545.0, 1592.0, 1535.0, 1224.0, 1647.0, 2012.0, 1999.0, 2027.0, 1849.0, 1796.0, 1688.0, 1559.0, 1507.0, 1428.0, 1656.0, 1674.0, 1998.0, 2045.0, 2144.0, 2043.0, 2164.0, 2211.0, 2056.0, 1854.0, 1732.0, 1885.0, 1919.0, 2074.0, 2210.0, 2506.0, 2544.0, 2373.0, 2340.0, 2055.0, 2179.0, 1970.0, 2043.0, 2006.0, 2006.0, 2297.0, 2224.0, 2452.0, 2718.0, 2548.0, 2408.0, 2291.0, 2259.0, 1999.0, 2062.0, 2001.0, 2040.0, 2150.088365673698, 2111.505230959959, 2195.9779415434723, 2296.0407575862605], "prediction": [2218.0105484292085, 2152.300634449831, 2096.0502756756305, 2074.593049084505, 1960.0325690023776, 1977.5142942836142, 1944.3876711345674, 1952.1816344812114, 1989.0820794502392, 1965.2917895073047, 1991.841734328143, 2024.819570507053]}, "burglary_count": {"order": [1, 1, 0], "seasonal_order": [0, 0, 0, 12], "IS_MEA": 77.0, "adjusted y": [1042.0, 1105.0, 1141.0, 1087.0, 1088.0, 1083.0, 1119.0, 1065.0, 1023.0, 862.0, 954.0, 923.0, 972.0, 958.0, 1030.0, 971.0, 1103.0, 1091.0, 1066.0, 951.0, 945.0, 910.0, 888.0, 908.0, 908.0, 971.0, 1066.0, 1060.0, 1055.0, 975.0, 942.0, 977.0, 855.0, 795.0, 747.0, 813.0, 837.0, 886.0, 972.0, 1012.0, 934.0, 956.0, 955.0, 983.0, 1143.0, 1051.0, 1060.0, 1166.0, 1186.0, 1781.0, 1289.0, 1335.0, 1302.0, 1387.0, 1362.0, 1346.0, 1107.0, 893.0, 918.0, 862.0, 943.0, 930.0, 1044.0, 1001.0, 1107.0, 1240.0, 1289.0, 1321.0, 1232.0, 1248.0, 1315.0, 1246.0, 1276.0, 1264.0, 1340.0, 1298.0, 1418.0, 1439.0, 1316.0, 1255.0, 1274.0, 1202.0, 1163.0, 1099.0, 1142.0, 1081.0, 1078.0, 1180.0, 1136.0, 1039.0, 1084.0, 1085.0, 1004.0, 1002.0, 1055.0, 1040.9080144083866, 1044.6548834256364, 1043.658641459509, 1043.9235287695549], "prediction": [1043.8530988043367, 1043.8718251827343, 1043.8668460911388, 1043.8681699644787, 1043.8678179644025, 1043.867911556478, 1043.8678866716068, 1043.8678932881587, 1043.8678915289067, 1043.867891996668, 1043.8678918722967, 1043.8678919053655]}, "rape_count": {"order": [2, 0, 0], "seasonal_order": [0, 0, 2, 12], "IS_MEA": 11.99,