{"admission_count": {"order": [0, 1, 0], "seasonal_order": [1, 0, 0, 12], "IS_MEA": 196.25, "adjusted y": [4825.0, 4774.0, 4783.0, 4672.0, 4619.0, 4379.0, 4152.0, 4414.0, 4673.0, 4624.0, 4741.0, 4781.0, 4784.0, 4504.0, 4451.0, 4352.0, 4354.0, 4239.0, 3917.0, 3514.0, 4050.0, 3594.0, 3700.0, 3816.0, 3518.0, 3614.0, 3571.0, 3291.0, 3348.0, 3426.0, 3093.0, 2797.0, 3426.0, 3346.0, 3078.0, 3044.0, 2997.0, 2830.0, 2911.0, 2637.0, 2837.0, 2447.0, 2131.0, 1577.0, 1915.0, 1900.0, 970.0, 786.0, 1048.0, 797.0, 983.0, 1258.0, 1532.0, 1495.0, 1320.0, 1157.0, 1308.0, 1389.0, 1426.0, 1215.0, 1389.0, 1558.0, 1468.0, 1470.0, 1352.0, 1295.0, 1193.0, 1272.0, 1330.0, 1506.0, 1559.0, 1566.0, 1689.0, 1689.0, 1669.0, 1709.0, 1806.0, 1750.0, 1722.0, 1593.0, 1623.0, 1855.0, 1720.0, 1812.0, 1989.0, 1867.0, 2002.0, 1871.0, 1784.0, 1804.0, 1800.0, 1712.0, 1677.0, 1921.0, 1961.0, 1962.0, 1982.0, 1982.6037286479861], "prediction": [2009.109493438672, 1967.9177224954024, 1965.981237615871, 1968.8414115246962, 1964.8736013024843, 1929.2662828844586, 1914.6219446116454, 1959.9728450442844, 1973.4429428638484, 1983.2026265121115, 2031.340266202731, 2043.9890664429402]}, "discharge_count": {"order": [1, 1, 0], "seasonal_order": [2, 0, 0, 12], "IS_MEA": 222.51}, "Avg LOS Days": {"order": [1, 1, 0], "seasonal_order": [0, 0, 0, 12], "IS_MEA": 7.39}, "total_felony_crimes": {"order": [1, 1, 0], "seasonal_order": [2, 0, 2, 12], "IS_MEA": 564.69, "prediction": [14983.844435065694, 14897.392296849599, 15000.949961805449, 14761.838045474298, 14735.223355662598, 14225.733372942343, 14057.547396039776, 13999.570099892895, 13873.836963985523, 14078.033734685152, 14966.98090226539, 15216.409847563295], "adjusted y": [12730.0, 13042.0, 13173.0, 12678.0, 12661.0, 12349.0, 12023.0, 11555.0, 11123.0, 10734.0, 11070.0, 11678.0, 11996.0, 12514.0, 12338.0, 12146.0, 12551.0, 11966.0, 11567.0, 10546.0, 11229.0, 10730.0, 10848.0, 11584.0, 12280.0, 12172.0, 12475.0, 12178.0, 11922.0, 11574.0, 11494.0, 11131.0, 10311.0, 10275.0, 10848.0, 10980.0, 12225.0, 12759.0, 12775.0, 12545.0, 12662.0, 12199.0, 11655.0, 11295.0, 11879.0, 11557.0, 8883.0, 8421.0, 10717.0, 10432.0, 11251.0, 12358.0, 12463.0, 12074.0, 12058.0, 10861.0, 10202.0, 10036.0, 10454.0, 10549.0, 11685.0, 12278.0, 12641.0, 12514.0, 13486.0, 14044.0, 14937.0, 14468.0, 13214.0, 13283.0, 13607.0, 13877.0, 14634.0, 15584.0, 15924.0, 15161.0, 15553.0, 15019.0, 15079.0, 14124.0, 14279.0, 14032.0, 14111.0, 14831.0, 15172.0, 15641.0, 16137.0, 16088.0, 15631.0, 14828.0, 14908.0, 13611.0, 13355.0, 14236.0, 13481.0, 13645.944517316659, 14545.026081125516, 14791.703657003369]}, "murder_homicide_count": {"order": [0, 1, 1], "seasonal_order": [2, 0, 0, 12], "IS_MEA": 7.16, "adjusted y": [33.0, 40.0, 34.0, 34.0, 30.0, 19.0, 30.0, 24.0, 19.0, 17.0, 19.0, 21.0, 24.0, 41.0, 20.0, 17.0, 29.0, 33.0, 26.0, 20.0, 15.0, 25.0, 23.0, 36.0, 32.0, 33.0, 21.0, 34.0, 28.0, 22.0, 17.0, 24.0, 30.0, 10.0, 23.0, 17.0, 21.0, 38.0, 29.0, 36.0, 38.0, 26.0, 21.0, 15.0, 29.0, 22.0, 22.0, 30.0, 51.0, 50.0, 42.0, 64.0, 54.0, 45.0, 25.0, 35.0, 31.0, 27.0, 37.0, 43.0, 43.0, 39.0, 37.0, 55.0, 52.0, 39.0, 29.0, 49.0, 28.0, 36.0, 32.0, 31.0, 49.0, 34.0, 54.0, 26.0, 50.0, 28.0, 33.0, 32.0, 40.0, 31.0, 29.0, 38.0, 35.0, 34.0, 34.0, 29.0, 36.0, 27.0, 24.0, 37.0, 16.0, 26.0, 23.0, 25.932373764597273, 29.329385088037753, 25.70802407756716], "prediction": [30.235355618790102, 22.767779688311037, 29.781614019652288, 22.768788133326552, 23.22303395497212, 25.93287798710503, 23.000701157973033, 23.2220255099566, 22.09170529217414, 24.791317328626988, 24.879474573400337, 23.83517887182646]}, "robbery_count": {"order": [1, 0, 1], "seasonal_order": [1, 0, 0, 12], "IS_MEA": 73.38, "adjusted y": [1272.0, 1342.0, 1379.0, 1326.0, 1309.0, 1288.0, 1313.0, 1249.0, 1120.0, 927.0, 1052.0, 1106.0, 1192.0, 1215.0, 1221.0, 1139.0, 1199.0, 1226.0, 1240.0, 1077.0, 1085.0, 899.0, 926.0, 1021.0, 1201.0, 1085.0, 1079.0, 1092.0, 1218.0, 1079.0, 1033.0, 1018.0, 914.0, 865.0, 926.0, 916.0, 1137.0, 1197.0, 1107.0, 1250.0, 1361.0, 1299.0, 1176.0, 1220.0, 1268.0, 1184.0, 806.0, 712.0, 840.0, 1031.0, 1145.0, 1238.0, 1198.0, 1215.0, 1133.0, 1134.0, 859.0, 894.0, 813.0, 932.0, 1162.0, 1145.0, 1241.0, 1124.0, 1298.0, 1413.0, 1433.0, 1338.0, 1275.0, 1361.0, 1224.0, 1274.0, 1409.0, 1588.0, 1706.0, 1606.0, 1537.0, 1439.0, 1542.0, 1289.0, 1289.0, 1277.0, 1200.0, 1243.0, 1303.0, 1383.0, 1501.0, 1528.0, 1499.0, 1439.0, 1465.0, 1433.0, 1431.0, 1298.0, 1232.0, 1236.5094916686867, 1248.5342987386193, 1266.963192172073], "prediction": [1297.5068120267463, 1299.2349378770577, 1283.2520593207353, 1257.4898220096534, 1259.0700764755559, 1242.3033462620451, 1235.1102307098854, 1186.4074196195722, 1159.0168472015978, 1154.0515708284674, 1151.5240491306458, 1151.0812625480146]}, "assault_count": {"order": [1, 0, 0], "seasonal_order": [1, 0, 0, 12], "IS_MEA": 108.25, "adjusted y": [1865.0, 2070.0, 1997.0, 1875.0, 1625.0, 1654.0, 1507.0, 1585.0, 1540.0, 1513.0, 1524.0, 1751.0, 1827.0, 1950.0, 1738.0, 1749.0, 1777.0, 1556.0, 1457.0, 1435.0, 1545.0, 1501.0, 1590.0, 1757.0, 1957.0, 1773.0, 1881.0, 1818.0, 1702.0, 1562.0, 1516.0, 1614.0, 1353.0, 1454.0, 1696.0, 1687.0, 1954.0, 2035.0, 1975.0, 1833.0, 1768.0, 1683.0, 1671.0, 1522.0, 1602.0, 1591.0, 1437.0, 1281.0, 1701.0, 2123.0, 1987.0, 1954.0, 1795.0, 1809.0, 1678.0, 1580.0, 1424.0, 1480.0, 1655.0, 1760.0, 1963.0, 2126.0, 2133.0, 2022.0, 2212.0, 2151.0, 2015.0, 1804.0, 1778.0, 1867.0, 1980.0, 2085.0, 2287.0, 2525.0, 2595.0, 2307.0, 2301.0, 2037.0, 2140.0, 1982.0, 2032.0, 2002.0, 2087.0, 2297.0, 2275.0, 2525.0, 2642.0, 2552.0, 2351.0, 2246.0, 2263.0, 1992.0, 2053.0, 2042.0, 2116.0, 2188.557362331554, 2171.6161658084447, 2259.723852613883], "prediction": [2296.547013039406, 2253.5207355556227, 2167.701392794148, 2118.992196649594, 2117.428996470374, 2004.7483562440937, 2020.2746087973285, 2008.060367816359, 2028.7084793537615, 2048.8510978613976, 2034.4976403664296, 2060.7445552605163]}, "burglary_count": {"order": [0, 1, 1], "seasonal_order": [0, 0, 0, 12], "IS_MEA": 80.92, "adjusted y": [1094.0, 1095.0, 1123.0, 1063.0, 1120.0, 1100.0, 1117.0, 1033.0, 993.0, 874.0, 926.0, 937.0, 963.0, 1000.0, 1010.0, 1011.0, 1105.0, 1066.0, 1057.0, 938.0, 944.0, 881.0, 897.0, 927.0, 937.0, 979.0, 1069.0, 1048.0, 1053.0, 938.0, 968.0, 946.0, 850.0, 758.0, 767.0, 812.0, 831.0, 936.0, 965.0, 1008.0, 955.0, 936.0, 947.0, 1030.0, 1142.0, 1036.0, 1076.0, 1178.0, 1877.0, 1118.0, 1262.0, 1330.0, 1382.0, 1332.0, 1393.0, 1318.0, 1015.0, 925.0, 887.0, 866.0, 946.0, 964.0, 1039.0, 996.0, 1152.0, 1265.0, 1312.0, 1313.0, 1190.0, 1284.0, 1283.0, 1286.0, 1234.0, 1307.0, 1323.0, 1336.0, 1435.0, 1415.0, 1259.0, 1308.0, 1231.0, 1182.0, 1153.0, 1129.0, 1137.0, 1038.0, 1114.0, 1175.0, 1103.0, 1072.0, 1088.0, 1031.0, 1003.0, 1022.0, 1022.0, 1021.9047075106716, 1021.9047075106716, 1021.9047075106716], "prediction": [1021.9047075106716, 1021.9047075106716, 1021.9047075106716, 1021.9047075106716, 1021.9047075106716, 1021.9047075106716, 1021.9047075106716, 1021.9047075106716, 1021.9047075106716, 1021.9047075106716, 1021.9047075106716, 1021.9047075106716]}, "rape_count": {"order": [2, 0, 0], "seasonal_order": [0, 0, 2, 12], "IS_MEA": 12.5, "adjusted y": [154.0, 150.0, 137.0, 114.0, 122.0, 103.0, 105.0, 123.0, 94.0, 88.0, 118.0, 120.0, 130.0, 158.0, 119.0, 150.0, 127.0, 128.0, 120.0, 115.0, 100.0, 137.0, 112.0, 168.0, 137.0, 148.0, 123.0, 156.0, 122.0, 123.0, 129.0, 135.0, 121.0, 119.0, 135.0, 138.0, 133.0, 161.0, 137.0, 154.0, 139.0, 121.0, 119.0, 103.0, 100.0, 122.0, 78.0, 74.0, 103.0, 114.0, 99.0, 124.0, 122.0, 113.0, 95.0, 116.0, 74.0, 90.0, 105.0, 86.0, 102.0, 112.0, 140.0, 113.0, 112.0, 99.0, 111.0, 92.0, 118.0, 111.0, 94.0, 93.0, 114.0, 139.0, 133.0, 117.0, 123.0, 114.0, 87.0, 94.0, 105.0, 105.0, 87.0, 94.0, 89.0, 84.0, 108.0, 95.0, 82.0, 81.0, 74.0, 83.0, 83.0, 84.0, 83.0, 85.84259155526993, 86.74225214595084, 94.41805190921869],